PARAISO LYCHEE LIQ 24% 700ML	$52.99
MIDORI MELON LIQUEUR 20% 700ML	$36.95
APEROL APERITIF 700ML	$24.99
GALLIANO LIQUORE 30% 350ML	$32.00
GALLIANO SAMBUCA WHITE30%500ML	$41.99
GALLIANO BLACK SAMBUCA30%500ML	$41.99
Maderas Ouzo Mixer	$34.99
Cocktail Watermelon 200ml	$24.99
Cocktail Japanese Negroni 200ml	$24.99
Cocktail Espresso Martini 200ml	$24.99
Cocktail Espresso Martini 500ml	$53.99
Cocktail Japanese Negroni 500ml	$53.99
Cocktail Watermelon 500ml	$53.99
Renmark Brandy	$38.99
ST AGNES VSOP 5YO 700ML	$39.49
CHATEAU CHANTELLE BRANDY 700ML	$41.99
BLACK BTL BRANDY 700ML	$34.99
